epochs,test loss,train loss,test acc,train acc
1.0,1.5659916400909424,1.563258409500122,0.9289915966386555,0.9310966810966811
2.0,1.5216224193572998,1.5138438940048218,0.9504901960784313,0.9579004329004329
3.0,1.5103492736816406,1.4991555213928223,0.9566526610644258,0.9685425685425686
4.0,1.5037704706192017,1.489931583404541,0.9618347338935574,0.9756132756132756
5.0,1.4998645782470703,1.4846107959747314,0.9647759103641457,0.9790764790764791
