epochs,test loss,train loss,test acc,train acc
1.0,1.770219087600708,1.7662131786346436,0.7322829131652661,0.7357864357864358
2.0,1.5689512491226196,1.5623393058776855,0.9083333333333333,0.9134559884559884
3.0,1.5350960493087769,1.527496337890625,0.9321428571428572,0.9409090909090909
4.0,1.525390386581421,1.5150939226150513,0.9396358543417367,0.9506132756132756
5.0,1.5176178216934204,1.5056651830673218,0.9466386554621848,0.9582972582972583
