epochs,test loss,train loss,test acc,train acc
1.0,1.7656803131103516,1.7620763778686523,0.7411764705882353,0.745021645021645
2.0,1.647426724433899,1.6424834728240967,0.8315826330532213,0.837049062049062
3.0,1.6079597473144531,1.6017967462539673,0.8528011204481792,0.8601731601731601
4.0,1.541589617729187,1.533886194229126,0.9266806722689076,0.9341269841269841
5.0,1.52533757686615,1.5153533220291138,0.9397759103641457,0.9494949494949495
