epochs,test loss,train loss,test acc,train acc
1.0,2.0922505855560303,2.0851898193359375,0.3663865546218487,0.3729076479076479
2.0,1.9750773906707764,1.9623280763626099,0.47170868347338935,0.48412698412698413
3.0,1.9685752391815186,1.9543490409851074,0.47542016806722687,0.488997113997114
4.0,1.8826508522033691,1.8685916662216187,0.5653361344537815,0.5795093795093795
5.0,1.8766759634017944,1.8608087301254272,0.5695378151260504,0.58502886002886
